id,x,y
Gerbang_Utama,-6.91474,107.61
TW_1,-6.9145,107.61
TW_2,-6.9142,107.611
Perpustakaan,-6.914,107.611
Kantin,-6.9138,107.611
Gerbang_Keputih,-6.78632,107.246
Gedung_Robotik,-6.12493,107.938
